Pclass,Age,SibSp,Parch,Fare,Sex_enc,Embarked_enc,Survived
3,38.182697875515736,1,0,81.18385096204909,0,0,0
3,49.669401665328806,0,0,6.751675533071577,0,0,0
1,32.9200733918723,1,2,10.188018138360228,0,0,0
1,32.35825403641764,0,1,51.60790290467959,0,0,0
2,50.83156563798299,0,0,55.148312793379596,0,0,0
1,27.781174362684133,0,0,50.94379659272188,1,1,1
1,22.47639530654679,0,2,13.454487493694844,0,0,0
2,31.537252978929473,1,0,48.43060428187554,1,0,0
3,30.71556443904209,1,1,13.351546002569473,1,0,0
1,39.26038452778013,3,0,5.0,0,0,0
2,29.210996867124145,0,1,5.0,0,0,0
3,28.270949331340613,1,0,5.0,0,0,0
2,42.64370155929407,0,0,33.00751924854609,0,0,0
3,41.095604194953225,0,0,25.856331762621934,0,0,0
1,20.78642921875046,1,0,16.862789350544674,1,1,1
3,26.290602429569983,0,0,79.2929755426726,0,0,0
3,20.6661997489095,3,0,16.514820609402175,1,0,0
2,23.44506662097021,0,0,5.840216235236709,0,0,0
1,25.450467108150157,0,0,45.357999911511094,0,0,0
2,31.467570036387407,0,0,65.16937369411282,1,1,0
2,40.0618892934197,0,0,5.0,0,0,0
2,12.719389408868466,0,0,14.971611011065832,1,2,0
3,33.20460319043111,0,0,41.62073946959392,1,0,0
2,47.88871364219942,0,0,15.426301177749,1,2,1
1,35.696378794559436,0,0,69.15689096712883,1,0,1
2,38.66006476851882,0,2,32.28017934328225,0,0,0
1,29.764346412879824,1,0,5.0,0,0,0
3,40.002347539307095,0,0,5.0,0,1,0
3,34.749642401248906,1,0,13.150390335402246,1,0,0
1,34.96558916941798,0,2,47.36989527185629,0,1,0
2,43.785188404465245,1,2,5.525029400688536,0,0,0
1,29.693351148102657,0,1,15.088666001481215,0,0,0
3,34.0134814798443,0,1,5.0,0,0,0
1,21.576099746318935,0,0,15.895359304590086,0,0,0
2,18.379866541636375,0,1,5.013528312296669,0,0,0
1,32.53220960643142,1,0,5.499340601818851,1,2,1
1,43.095721447131226,0,0,7.404415704003267,0,0,0
1,23.80746326139151,0,1,5.0,0,0,0
1,45.938329702188696,0,1,26.24944145909491,1,0,1
3,20.952424933599886,1,1,12.3499713185657,0,2,0
1,26.30666118056399,3,0,13.980775248865083,1,0,1
1,29.106798850799443,1,0,25.160960441201652,0,1,0
3,35.33115973783248,0,0,5.0,0,0,0
3,15.26870621835609,2,0,54.04469672313404,0,0,0
1,13.779784732603996,0,2,38.73018831578511,1,2,1
2,21.44585060787403,0,0,20.111974659828054,0,0,0
3,25.66840601017104,1,1,68.29754128437095,1,0,0
2,39.813195590403446,0,1,33.84380374852799,0,0,0
3,7.325511228653628,1,1,118.22537316712506,1,1,0
3,25.650708703162415,1,0,24.42830895621342,1,1,0
2,24.14506310225157,1,2,6.197441669952547,1,1,0
2,61.58858477804869,0,0,59.45920500473505,0,1,0
2,21.54787571348689,2,0,5.0,1,0,0
3,42.96936870665546,0,0,32.511762863234495,0,0,0
1,36.71748537517248,0,2,13.964731041842452,0,0,0
3,27.228785637495864,0,0,30.31312462477169,0,0,0
2,24.3875855842573,0,0,95.18698054782007,1,0,0
3,32.358657318138896,3,0,61.36141599866167,0,1,0
1,37.59518181306613,2,0,5.0,0,1,0
3,41.394649625295884,0,1,94.84060709321172,0,0,0
1,15.958643687287687,0,2,28.02869857617494,0,1,0
2,35.91981481057067,0,0,11.300885281969922,0,0,0
1,20.568126473904606,3,0,8.976109393681494,0,2,0
1,52.57388483328708,1,0,7.164748827909682,1,0,1
3,23.092346085146712,0,0,66.08743601621342,0,0,0
3,30.623350629687593,1,0,11.065387793669494,0,0,0
1,18.124742156897028,0,0,12.55219211310789,1,1,1
1,13.597455619014948,0,0,23.88017828260091,0,2,0
3,27.488115874177605,1,0,36.180396175346885,1,0,1
3,37.39122728333116,0,0,18.765189660401816,0,0,0
3,16.75692819341075,0,0,5.0,0,2,0
1,32.32907991477969,0,0,20.885631570479674,0,0,0
1,21.56188289848935,1,0,20.351840320054162,0,2,0
3,32.992604204529066,1,1,5.0,1,0,0
1,47.04605097587826,0,0,5.0,1,1,1
3,29.406435484170803,1,0,5.0,1,1,0
3,29.43695305344979,0,1,65.19457786518497,1,0,1
1,46.79226523903203,1,0,8.74500529429844,0,0,0
1,18.289520964272008,0,0,25.619736586944818,0,0,0
2,26.62679648536854,2,0,5.0,0,0,0
2,50.73051804120854,0,0,81.42933314225876,1,0,0
3,28.19933295560968,2,2,78.29932347629746,0,0,0
3,19.38236743167719,0,0,11.360581243720906,1,0,0
2,37.827874540961034,1,0,50.568680411465415,0,1,0
2,23.437692705115296,0,0,48.70776866338606,0,0,0
2,34.379532029594706,0,1,5.0,0,0,0
1,23.52288383628766,1,0,5.0,1,0,1
2,28.92317166855328,1,1,32.10341255711684,1,1,0
1,16.673089854410055,0,0,5.0,0,0,0
1,44.26071928137701,0,0,8.01386631732093,1,0,1
2,34.15786171077591,1,0,114.98912880460573,1,1,1
2,15.312716798852922,0,1,144.71003851594293,1,0,0
2,59.46360167893073,0,0,20.87105189687858,0,1,0
3,17.950310798975185,0,1,20.039904812714376,0,1,0
2,40.7390925233333,3,0,5.099352379126786,0,0,0
1,14.98152690971467,1,1,27.19629843301548,0,0,0
2,27.05108323096867,1,0,35.834123346291555,0,0,0
3,17.437068207816726,0,1,30.464620324751642,0,0,0
3,21.82738011030143,2,2,5.0,1,0,0
1,24.57232416901108,0,0,7.2505269514859725,0,0,0
3,5.1193172111022065,0,0,26.956484811980477,0,0,0
3,34.22466475817156,3,1,10.697765697046378,1,2,0
2,39.10986192363176,0,0,5.0,1,0,0
2,11.329252245556471,0,0,8.751760702414714,0,0,0
2,44.24436366672456,0,0,23.720057854343185,0,0,0
1,29.014185859289174,1,2,5.388355986549406,0,1,0
1,30.557238577873786,2,0,9.075690747573493,0,0,0
2,14.520469203107353,2,0,33.95250525292899,0,0,0
3,30.586320843908453,0,1,10.58421034763337,1,0,0
3,24.680612985701877,0,0,34.38920623069308,1,0,0
1,13.098464443637283,0,2,14.613155361630657,0,0,0
2,16.45137874539325,1,0,7.118484924280538,0,0,0
3,26.14037938539141,0,2,5.0,0,0,0
1,32.62980393196727,1,2,79.19656626312225,0,0,0
3,43.92992144854223,0,1,39.445606934189854,0,0,0
3,31.1534493232918,0,0,24.411002951668735,0,0,0
3,40.240986705363696,0,0,7.688567086180926,0,1,0
3,43.2663111954958,0,0,11.01112855916752,0,0,0
2,34.58891695420861,0,0,21.436074303316815,0,0,0
1,27.928472400710163,0,0,15.485586791366025,0,2,0
3,32.86546990831816,0,1,14.294681790821654,0,0,0
2,23.23105643115926,1,0,35.23783926451446,1,0,0
2,29.452967803734026,0,0,22.74368842638209,1,0,0
2,9.123434654662805,0,0,63.44092557718558,1,0,0
1,35.94818265567125,0,0,32.32073162414435,1,0,1
3,29.52533815372014,0,0,25.407171014355413,0,2,0
1,41.028917795853225,0,1,24.897857181874084,1,0,1
2,29.427463726296242,2,0,5.0,0,0,0
2,37.32702894340588,0,0,24.13324249748846,0,0,0
3,37.902531272073965,0,0,44.45396418956591,0,0,0
3,37.168800838198294,1,1,110.29737763876263,1,2,1
3,48.36900998812437,0,0,75.17687687748558,1,0,0
3,37.11721509562061,0,0,56.395682139860185,1,1,0
2,18.951916883047605,1,0,9.685713497371953,1,0,0
3,35.235884036088386,0,0,34.54771601700002,1,1,0
3,32.050385257535304,0,2,33.62520394047331,0,0,0
3,42.34986764790772,0,1,10.804121277833676,1,0,0
1,42.883580998317264,1,1,8.497103653711408,0,2,0
3,23.460970958292602,0,0,108.44300498997728,0,0,0
3,9.976991113468927,0,1,32.04915116745912,1,0,0
2,50.35747641948046,0,0,5.0,0,0,0
1,49.13406075869967,0,0,5.0,1,0,1
2,23.081875191279366,1,0,11.346521664376755,1,0,0
2,18.323172709421335,1,0,50.21510466660116,0,0,0
3,35.28569685552479,0,0,5.0,1,0,0
1,29.308574435596974,0,1,5.996850123490972,0,0,0
2,31.80502686172292,1,2,34.946943542919016,1,0,0
3,48.354603833527364,0,0,31.452601496582883,1,0,0
1,33.12808518988689,1,2,33.793961550749486,1,1,1
3,23.47890274639482,0,0,23.031924608287895,0,0,0
1,29.606960757408018,0,0,97.26444634524573,0,0,0
1,35.51016095074124,0,2,25.380379777126887,0,2,0
1,35.83801972591442,0,1,11.72603364043454,0,0,0
1,60.956512051851824,0,0,24.919346000207828,0,1,0
3,34.79067747126335,0,0,106.37030213289114,1,0,1
3,30.339820513565535,2,0,14.078432392644945,1,0,0
3,18.103291806524314,0,0,5.0,0,2,0
1,26.10202339789653,0,0,37.07823828201359,1,0,1
2,38.178008368471495,0,0,5.0,0,0,0
1,14.025204557306663,0,1,5.0,1,0,1
3,45.62089547278558,1,0,56.90546674969023,0,0,0
3,32.68545541966678,3,0,22.31652232420682,1,0,1
3,33.591510964877905,0,0,28.799908361229352,0,0,0
3,10.2552150365173,1,1,23.94646968438243,0,2,0
1,10.141719937610766,1,0,5.0,1,0,1
3,46.14504055385973,0,1,27.25353700256494,1,2,0
1,43.407549979057535,0,0,5.0,1,0,1
3,23.788664411565943,1,0,52.609393556352764,0,0,0
2,31.502694031774887,0,0,30.775173571140787,1,0,0
3,16.563961264486274,0,2,7.894782234002435,0,0,0
2,36.837207362786444,0,1,12.645899697587259,0,0,0
3,40.995932096429776,0,1,5.0,0,1,0
2,12.427501437482157,2,0,5.0,1,0,0
2,21.539857730899094,2,1,27.059937918170526,0,0,0
2,31.78400948642534,0,0,39.16236388231471,1,2,0
3,52.15964395257199,0,0,16.861337089619663,1,1,0
2,24.86261806840905,0,2,22.733388357667952,0,1,0
3,43.13029822165139,1,0,162.99738576044447,0,0,0
3,54.1224544651962,2,0,8.112295982163504,0,1,0
2,26.884903783636744,1,1,20.815989945544196,1,0,0
3,38.097833905999245,1,0,6.8615860149283865,0,0,0
3,36.76690944062832,2,0,49.14265424614568,0,0,0
2,29.699676495058274,1,1,47.13410483360424,0,0,0
1,41.9525722296698,1,0,35.06882924702977,0,2,0
2,30.40900161911071,3,0,10.447068046373953,0,0,0
2,37.71267311841053,0,0,32.24640601415923,1,0,0
3,59.915994209193485,0,0,32.70365577446136,0,0,0
3,25.64593727472409,0,0,5.0,1,0,0
1,35.65698667663685,0,2,5.0,1,0,1
3,34.78963337222485,0,0,42.72518412904663,1,0,0
3,4.1593186367554225,0,0,46.446327665765544,1,0,0
2,18.396286282449445,0,0,22.79732532564949,1,0,0
3,42.270845184115686,0,1,5.0,0,2,0
3,32.29318881623884,0,0,17.544830782799984,0,0,0
2,24.786045270812213,0,0,47.6782350867567,0,0,0
2,44.83311810252525,0,1,41.24025583069052,0,0,0
3,22.18298395662662,1,0,14.389077267920198,0,0,0
2,41.67065339552076,0,0,43.12093045641017,0,0,0
3,26.285442728232116,0,0,5.0,1,2,0
3,14.604093309737165,0,0,30.26981383602047,0,0,0
3,14.257965211798085,3,0,5.0,1,2,0
3,31.760564237199873,0,0,37.768710552729246,0,0,0
1,38.5315196184419,1,0,176.75291952307057,1,0,1
1,27.070120376512214,0,1,5.338621345573114,0,0,0
2,45.06907350688225,2,0,7.384978893352329,0,0,0
3,36.08728837328757,0,0,64.84692292312177,0,0,0
2,20.011733122749256,1,1,8.133739458116198,1,0,0
3,5.016847105395335,1,1,9.38229145198747,1,0,0
1,55.88769855918604,0,1,5.0,0,0,0
1,41.79229180734617,0,0,5.0,0,0,0
2,21.291074242158412,1,0,18.46248514517975,0,0,0
2,31.602490857387387,0,2,12.102733463226912,0,1,0
3,55.95905667966552,0,0,6.164011360935212,0,2,0
3,23.373323468628346,0,1,38.68573416330257,0,0,0
2,20.514306534656257,1,1,36.86815612968653,0,0,0
3,36.67476011280792,3,0,39.30464502638675,0,0,0
1,37.605322571185184,0,0,113.5352015132251,0,0,0
1,22.277781235438283,0,1,18.830986684385387,1,0,1
2,35.16049976629284,0,0,55.865311693048014,1,0,0
3,44.47810759810028,0,1,36.75039449902309,0,2,0
3,22.208669459207915,0,0,66.19463206455183,1,2,0
3,33.07235681176651,0,0,48.85936974519386,1,0,0
3,22.347120188984206,1,2,5.0,1,0,0
3,21.971127136081,1,0,42.008404516770376,1,0,0
3,50.207132297494425,2,0,32.52156010149079,0,1,0
1,23.39633815385496,0,0,32.202359209687536,1,1,1
2,46.58590789245032,0,0,9.922532777060516,0,1,0
1,32.925608565254386,1,1,11.300998080626483,0,0,0
3,33.37429708763251,0,0,79.94904039548362,0,0,0
2,43.791279915428106,2,0,40.6022081179221,0,0,0
3,21.173640688922802,2,1,29.451302821505738,1,2,0
3,1.0,2,0,5.0,0,2,0
1,1.0,1,1,21.674890197668272,0,1,0
1,30.487100294446588,0,1,7.840699572937685,0,0,0
1,30.32263006793437,0,0,123.25429013613602,0,0,0
2,37.08785796830771,0,0,11.461967263944945,0,1,0
2,27.304402200035703,0,0,49.10925765292195,0,0,0
2,34.52654250077425,0,0,51.015008614024936,0,2,0
2,23.33760567968162,0,1,5.0,0,2,0
3,35.72448992667746,0,0,81.6815692788619,0,2,0
2,26.940273390949738,1,0,5.0061236538191345,0,0,0
3,12.830698774583421,0,1,52.556162960267315,1,0,0
1,5.499181578908512,2,1,104.92163493370195,1,1,1
3,31.50691744165851,0,0,16.32254814850738,1,1,0
3,23.62957472495615,1,1,5.0,0,0,0
2,12.173275523556335,1,0,29.611773357677606,1,0,0
3,36.09402907547548,0,0,72.68811943705707,0,0,0
1,29.92714906152128,2,0,100.8328225769852,1,1,1
3,34.170980464340055,0,0,49.668168892691966,0,0,0
2,45.258661139929906,0,0,64.34560635455443,1,0,0
1,55.74178953328066,0,0,147.11454691702625,0,0,0
1,25.55262801496673,1,0,52.686352251589085,0,1,0
1,33.69362122670471,1,2,7.938738209645299,0,2,0
3,6.02159178561471,2,0,9.523569451545344,0,2,0
1,25.341878177505254,1,2,37.35812297557855,0,0,0
2,36.51957634843666,0,0,67.81162529967368,1,0,0
3,34.70164806483056,2,0,131.0701343566767,1,1,0
1,30.357073673948943,0,0,47.94489090651862,0,1,0
3,44.34055954709811,0,2,42.056629128998146,0,2,0
1,46.56109624976942,0,0,8.84468012910688,1,0,1
3,20.948689799767706,0,2,68.4730777865437,0,0,0
1,35.5196657152694,0,1,5.0,1,0,1
2,51.74938269596315,0,1,58.939419669133265,0,2,0
1,36.21190824562947,1,1,5.0,0,0,0
1,44.7320279096795,0,0,33.610915277845116,0,0,0
3,26.33730354774399,1,1,7.372849420487269,0,0,0
3,26.289934518376327,1,0,5.77563493656051,0,0,0
3,57.4913108710889,0,0,70.3783376924148,1,0,0
3,44.953022309971544,0,0,26.25380178334342,0,0,0
2,17.359013241916127,1,0,15.33538438344946,0,0,0
3,26.990003802539434,2,0,49.81000494116392,1,1,0
3,17.52112887449363,0,0,49.10890514206027,1,0,0
3,40.469487939361734,0,0,6.344225856336408,0,0,0
1,22.168512248371307,1,0,18.707609198497156,0,2,0
2,32.20031903734987,0,0,22.77039052206302,1,1,0
2,60.721014459225536,0,0,6.51359629945539,0,1,0
1,32.50059369537063,1,0,9.019811383631525,1,0,1
2,31.464117775744338,2,0,13.931014926023362,0,1,0
3,35.089991356823,2,0,14.565024428151293,1,0,1
2,42.52993052482886,1,0,33.066675534371605,0,0,0
2,14.636347215949268,0,2,9.508514574311784,0,0,0
2,14.459054735236606,1,0,14.010129634390436,0,0,0
2,33.258946046344484,0,1,52.41120480310548,1,1,0
3,26.203098603662376,2,1,27.941900172964978,1,2,0
1,12.623833195005073,0,0,32.67681743991994,0,0,0
3,45.80872878761191,0,0,7.0359712682410525,1,0,0
3,28.097645123676358,1,0,10.947433473604944,0,0,0
3,28.103905217052127,0,2,48.95266211119729,0,0,0
1,31.440375920619136,0,2,5.0,0,0,0
3,37.362215672765004,0,0,19.364797954415966,1,0,1
3,11.721757142594704,2,0,25.87475914314158,0,0,0
1,24.645798801422643,1,1,5.0,1,0,1
3,26.727317163027955,1,0,31.37822912946216,0,0,0
1,33.347929946685625,1,0,9.467797393004867,1,0,1
3,10.068468797808102,0,2,9.798636183154239,0,1,0
3,32.37701712921426,0,1,28.22499023157719,0,0,0
1,42.637834239994845,0,1,105.12335209356546,0,0,0
3,25.34758128076819,1,0,14.932029547312661,0,0,0
3,24.64279662539366,0,0,17.75643555258266,0,0,0
1,16.759600725913515,0,0,23.83183187200877,0,0,0
2,15.290812043971904,0,0,16.221384682290456,0,0,0
2,37.137052099983435,2,0,7.6204007120806505,0,1,0
3,42.80009627506985,2,2,40.30474552154014,1,0,1
3,13.562364245051064,0,0,16.731566485678833,0,0,0
3,37.46171954660636,0,2,5.0,0,2,0
3,32.24120117372494,0,0,10.978540888641412,0,0,0
1,34.15804658076859,0,0,7.470999694598512,0,1,0
3,13.991694060981548,1,1,9.366390020954558,0,0,0
2,45.94983036158918,1,0,80.45170571921217,0,1,0
1,22.493247581885647,1,0,5.0,1,0,1
2,38.95504279232665,0,1,53.976538687605796,0,0,0
3,9.568996749145917,0,0,19.880750506120247,0,1,0
3,42.60785275209135,1,0,7.556943867062479,1,1,0
1,14.679017090156286,1,0,10.093884941720662,0,0,0
3,39.12497587373157,0,0,40.28172559497181,0,0,0
2,55.06049645736873,0,1,39.099527342450564,0,1,0
1,51.02724532108347,0,0,28.006689504390774,0,0,1
3,31.250413247422514,0,0,5.0,1,0,1
1,16.527335741252415,0,0,12.48417624996925,1,0,1
3,34.424079706474814,1,0,138.48343396253915,0,0,0
2,30.87981560626085,1,0,33.69818342817395,0,1,0
3,20.93540481176013,0,0,51.843469834334456,0,0,0
3,37.80241413550393,0,1,6.123488844567935,1,0,1
3,51.53469436221345,0,1,5.0,0,1,0
2,41.78118584389913,1,0,9.657407503100414,0,1,0
1,29.140784887031234,2,0,55.77783775025944,0,0,0
1,19.97583536088291,3,0,5.0,0,0,0
1,26.891494250151563,0,2,73.97456334214077,1,0,1
2,30.3840497887892,1,2,5.0,1,0,1
1,27.757540270063693,0,0,8.617223204763961,0,0,0
3,35.67116978895652,0,0,24.862709798438154,0,0,0
2,44.27364586709569,1,0,5.0,0,0,0
3,37.19914475995445,1,0,53.42785010886091,0,2,0
3,42.11780507211161,1,0,15.209212275496833,0,2,0
3,29.54838357090182,1,0,103.03778433552874,0,0,0
2,41.259405671711974,0,0,13.737069370460052,0,0,0
2,17.681816407067277,2,0,19.100751383162308,0,2,0
1,50.132409768917285,0,0,81.74050048305753,1,1,1
3,24.847133506496967,3,0,9.026186211666985,1,1,0
1,15.07364117530458,0,0,33.54230681065741,0,0,0
3,8.376234749039764,0,0,14.766316327835366,0,1,0
3,18.13690671418899,0,2,41.88650328636433,0,0,0
2,15.48366308590671,1,0,5.0,1,1,0
1,13.325130398836848,0,0,14.086766429181438,0,0,0
1,23.86541188282578,0,1,79.41127217596684,0,2,0
3,20.91845893716647,0,0,8.723082083446762,1,0,1
3,31.277162732302763,0,0,15.419277416233216,0,0,0
3,12.181224378601158,0,0,25.023697382849836,1,0,0
3,27.029776373381942,0,2,5.789039467529136,0,1,0
2,28.442151603198887,0,0,25.868785276479773,0,0,0
1,32.49225224595733,1,2,6.057529439388522,1,0,1
2,39.878047007542975,0,0,18.196115363713556,0,0,0
2,35.063049050823416,1,0,5.0,0,0,0
2,1.0,1,0,9.730901390778254,0,1,0
3,25.616141384254696,1,0,5.0,0,0,0
2,42.47885624875292,1,1,61.873856636953455,0,0,0
3,41.976121318315826,3,0,101.2196175742543,0,0,0
1,45.341422351287584,1,1,5.0,1,2,1
3,21.742195857867316,1,0,109.2603493598995,0,2,0
1,35.90941516809779,0,0,72.44095649375797,0,1,0
1,1.0,1,0,9.659437168843008,0,2,0
3,33.97056278657348,1,1,60.19965008827791,0,0,0
3,44.07274823111238,0,0,6.018679363133765,1,0,1
3,29.956769530913178,0,0,5.681250793891747,0,0,0
3,23.62803653997819,0,0,5.0,0,0,0
1,29.71049895467996,0,0,45.30170631212718,1,1,0
3,22.11726865234325,1,0,7.987043246583887,0,0,0
1,17.980559881261016,0,0,5.0,1,0,1
3,27.64380181098026,0,0,8.677269371736074,0,0,0
3,21.867415562974728,0,1,19.53086643635303,0,0,0
1,27.900482919655097,0,0,74.76448847353649,0,0,0
1,30.124231438120567,0,0,10.521812775710428,1,0,1
2,42.38213447362362,0,0,47.1924292459375,0,0,0
3,36.43811812284484,1,1,5.0,1,0,1
1,36.69372367622235,3,0,87.52130172927417,0,0,0
3,16.283941047234197,0,1,5.238659874238014,0,1,0
2,31.63842397299285,0,2,23.385634009089777,1,2,0
2,4.165312884570206,3,0,5.758329918184188,0,0,0
1,54.160646970319476,0,1,26.42508194471824,1,0,1
3,34.56237421207156,3,0,7.834192740555538,0,1,0
3,50.54050176170812,1,1,30.022491145053785,0,2,0
1,37.58889286866625,1,2,18.15353477255139,1,0,1
1,28.819924478463,0,2,7.114457816740833,1,0,1
2,22.783588272585437,0,1,13.439033222209678,0,1,0
3,28.813324161706287,2,0,25.803068742066596,0,2,0
1,18.259526668619614,0,1,5.049907990550963,0,1,0
3,33.470023726893814,0,1,21.391559776792132,0,0,0
2,35.47065326497929,0,0,13.615522340615973,0,0,0
2,38.91916912827258,1,0,13.17002457513495,1,0,0
3,24.49338884557272,0,2,5.0,0,0,0
3,42.565179631345856,1,0,83.65284107713748,1,0,1
2,42.17244078021756,1,0,21.12677531184579,1,1,1
3,25.5427096080505,0,0,5.0,0,0,0
1,23.25039868926879,0,0,11.935316462606345,0,2,0
3,55.707244303342364,0,2,5.0,1,1,0
2,10.637263225479106,1,0,25.917531828833773,0,1,0
3,23.72567967416078,0,1,71.72103847153974,1,0,0
2,26.516705469736184,2,0,20.811132185905162,0,2,0
3,36.8277969502233,0,0,51.99450940230469,1,0,0
3,30.668698947464335,0,1,7.1338571456269,1,0,0
2,37.30965745088612,3,0,5.0,1,1,0
2,30.167151502955356,1,0,5.0,0,0,0
2,30.921862692723064,3,0,74.45872611251069,0,0,0
2,21.228839520696972,1,0,14.69749835899691,0,0,0
3,21.59855022072992,1,0,41.73042087202525,0,0,0
1,30.525737663749315,0,0,60.32020702904752,1,0,1
2,46.36968515968613,0,0,6.449136441196317,0,0,0
1,22.04518898938862,0,0,8.254096338551115,0,2,0
1,24.126726689781336,0,0,97.70693087540793,0,0,0
1,32.2393094778763,0,0,103.33227449260133,0,0,0
3,24.20176245240751,0,0,37.63202329574506,1,0,0
3,38.493023225465706,0,1,15.66695286184504,1,1,0
2,50.07086864205244,0,0,11.761486988527029,0,1,0
2,27.438685548837505,0,0,5.0,0,0,0
2,39.10714307744118,0,0,50.99816676523061,0,0,0
3,22.51477247165034,1,0,45.87696187444551,0,0,0
2,51.24960762762612,1,1,54.64746925829595,0,1,0
3,29.58013811403646,0,0,19.80186894022472,0,0,0
1,13.168736738403677,1,0,33.477378294538255,0,1,0
3,31.434964420969838,3,1,26.219535533404276,0,0,0
2,33.71784852272433,0,0,133.75684935056336,0,0,0
2,29.51810459226788,0,1,5.0,1,0,0
3,54.92097580273009,0,0,53.680220708374776,0,1,0
3,17.15898280408617,1,1,53.32667538874269,1,0,1
3,32.665605259604554,3,2,33.51226600319425,0,0,0
1,30.313092602530006,0,1,20.07321329084967,0,1,0
3,20.931058086085862,0,0,15.656118743212383,0,0,0
2,28.847281203304203,0,0,20.16462476819927,1,0,0
3,22.731420923959938,0,1,10.04494569826442,0,2,0
3,40.675569547481246,0,0,5.0,0,0,0
3,20.196771948153167,2,2,29.24060794848985,0,2,0
2,48.92943935716169,0,2,5.0,1,0,0
1,36.27402585642599,1,0,18.436958239092554,0,0,0
2,22.502177067651854,1,0,9.591302837137333,0,0,0
3,24.45269653553949,2,0,55.953304597443996,0,1,0
1,57.58677748343101,0,2,76.05051839117782,0,0,0
3,36.52320185513319,0,0,5.116985078517032,1,0,1
2,33.43038468869886,0,0,41.68133119775869,0,2,0
2,48.887841159480395,0,0,5.0,0,0,0
3,44.6251422203678,0,1,31.476501813456892,1,0,0
2,13.120066837821334,0,0,16.269864110852165,0,0,0
2,29.707744892868206,2,0,80.89323076193713,0,0,0
2,6.075172289142536,0,0,5.0,0,1,0
2,17.822919231685596,1,0,5.0,1,1,0
3,41.21183893487128,1,0,5.0,0,2,0
3,27.432133869293892,2,2,5.615501770835041,1,0,0
1,27.302815177287798,0,0,14.340061737243005,1,0,1
3,56.526276019096215,1,0,28.979399090287654,0,0,0
3,36.49755273845746,0,0,8.244915199901843,1,0,0
2,23.356941099504063,3,0,35.0473275413472,0,0,0
2,40.74231864033278,1,0,12.961316369394499,1,0,0
1,32.216163670378904,0,0,5.0,0,0,0
3,33.94514892364177,0,0,14.981930541500022,1,1,0
3,25.688494910555285,0,1,34.04272910043772,0,0,0
2,36.439833030327435,0,0,51.45520529539705,0,0,0
3,1.0,1,1,16.299579967997595,1,0,0
3,58.8409870228593,0,1,83.67607516767099,0,0,0
3,34.89903306857366,0,0,5.0,1,0,0
3,22.351354472321788,0,0,54.8241602371444,0,0,0
1,22.685853574088604,0,0,32.526603301771196,1,0,1
2,28.235975980458136,0,0,10.251036425826362,1,1,0
3,21.816189024026418,2,0,12.80918835836142,0,0,0
2,44.26819837329062,0,1,5.254882320136785,0,0,0
2,34.48867883817086,0,0,116.1142775604107,0,1,0
1,38.50027736759224,0,0,71.9647082447332,0,2,0
2,26.91148155091986,2,1,5.274162223598123,1,0,0
3,26.37036376214246,0,0,5.0,0,1,0
3,10.99316611817132,1,0,27.104743263786276,0,1,0
3,29.802925247126975,0,1,44.78220420855525,0,0,0
3,20.7603212272963,2,0,7.08376951941873,1,0,0
2,30.34493787521781,0,1,12.464184427621023,0,0,0
3,51.572238322194266,1,0,35.330761258731116,0,0,0
3,38.37867976336308,2,0,51.560204587698514,0,0,0
2,31.997426498556674,1,0,28.6454229282214,0,0,0
3,51.912116562563234,0,0,39.30770010972332,0,2,0
2,34.71981407273246,0,1,12.525461727966519,0,0,0
1,38.73155452364376,0,1,21.652291746534157,1,0,1
1,51.61128519492979,0,0,11.871148576550777,0,0,0
1,16.243855283775744,0,0,16.246009173385062,0,0,0
2,29.330771068107527,1,0,27.72591618409074,0,0,0
2,26.12784193389437,0,1,68.4644486648386,1,1,1
2,29.816281809924053,0,1,62.053511883760436,0,0,0
1,35.2432580369562,0,0,23.315396570407483,0,0,0
3,49.54075947754246,0,0,24.37080890135072,0,0,0
3,19.218384218507552,1,1,37.628401077527286,0,0,0
3,13.035426037140237,1,1,7.696063322972016,1,0,0
3,33.20870776886284,0,1,5.0,0,0,0
1,9.684518229655374,0,0,5.0,0,0,0
3,36.62987945300577,0,0,14.922999222389215,1,0,1
2,37.272119416147675,0,0,7.101802914150382,0,0,0
3,48.57006241596074,0,0,5.716517489180174,0,0,0
3,37.44806517060813,0,0,25.97609028294687,0,2,0
3,27.923138108593566,0,1,5.0,0,0,0
3,30.71062120817386,1,0,5.580073116669036,1,0,0
3,1.0,1,0,9.502700262861053,0,0,0
3,35.15541862959103,0,0,7.404258710085167,1,2,1
2,44.5571723997502,0,2,56.803084601132646,0,0,0
2,29.890572040269557,0,0,22.362932585702563,1,0,0
3,33.86037367435216,0,0,5.0,0,2,0
3,13.537186284823726,0,0,5.0,1,0,0
2,43.23962258419826,0,0,17.38065556941754,1,1,0
1,11.153992756521877,0,1,15.05460461613233,1,0,0
3,32.435076250215594,2,1,28.11926467699799,1,0,1
3,10.884075197619968,3,0,34.15465599465454,0,0,0
1,25.81617438710569,0,0,39.44673587461909,0,0,0
3,29.24888246520573,1,0,17.93830870734669,1,0,0
1,30.773692977721442,1,0,32.81375677464453,1,0,1
1,48.95486574876855,2,0,8.160036020908318,1,2,1
2,54.90313047150319,0,2,18.859747869325282,0,2,0
2,24.193369991348142,0,0,49.57126099098757,0,0,0
3,21.982914556283415,1,0,27.55720047635259,0,0,0
3,18.01975151113451,0,0,15.218243215930379,0,2,0
1,49.11823951967276,2,2,79.00864512348703,1,1,1
1,36.46507190935643,0,1,16.814259104783314,0,0,0
3,22.639168037508725,0,0,5.0,0,0,0
3,28.94061541978494,0,0,12.027076012549779,1,0,0
1,46.61127382212622,1,0,53.57872712413681,0,0,0
1,25.63665345343373,0,0,11.847059161508048,0,0,0
3,33.837383209710445,0,1,15.75055510661682,1,1,0
2,30.456041738018403,1,0,22.7511959109994,1,0,0
2,37.664762664350214,0,1,16.196997358178752,0,0,0
2,48.04791586299226,2,1,25.501555776634554,1,0,1
1,26.773335713342032,0,0,18.21855345863338,0,0,0
3,23.792538598795534,1,0,5.0,0,0,0
3,18.607213334016684,0,0,45.024136315200856,0,0,0
2,29.348461601786255,1,1,5.095426919128718,1,2,1
2,18.72797527417495,1,1,12.589853820070028,0,1,0
3,22.522313682902826,0,0,24.032661520094067,1,2,0
3,52.968376246401434,0,0,9.274463292465782,0,0,0
3,23.14585212260644,0,0,7.70572704108454,0,1,0
2,37.7458101736929,3,1,82.22549950952948,1,0,0
3,32.693421822719664,1,0,28.464095049248787,0,0,0
2,30.98195230257078,1,0,66.32324570430355,1,0,0
2,32.371195256308795,0,0,5.0,1,0,1
1,21.37911281316963,0,0,15.174752530256084,1,0,1
3,32.41318856057961,1,2,29.24568607662113,1,0,0
2,19.699706637825436,0,1,54.99771546718909,0,0,0
3,23.705756804642718,1,0,59.63253673962362,0,1,0
3,29.553333161881902,0,0,19.850651504989308,0,0,0
3,19.153108302422524,2,0,7.971074988709608,0,0,0
1,22.66178636409662,1,0,5.0,1,0,1
3,44.404966895333104,0,0,23.580572644887148,0,1,0
3,26.429237959680098,1,0,7.898473913351242,1,1,0
2,15.334466293296655,0,1,6.569077710216328,0,0,0
1,17.85474749687799,2,0,26.979927410670545,0,0,0
3,21.274353890101576,1,1,90.75163537315643,0,0,0
1,23.116055917437166,1,1,54.633481120503255,0,2,0
2,40.44081276826505,1,0,27.754556775118367,1,0,0
2,36.8709933762739,3,0,28.555229575723153,0,0,0
3,24.255016540038273,0,0,7.473241798453735,1,0,0
2,48.606005913768925,0,0,44.0184817041832,0,0,0
3,25.887748871035814,0,0,13.15164492497022,1,1,0
3,35.48103862984541,0,0,69.81033996742515,1,0,0
2,33.34825830924407,0,0,27.131815991111136,0,0,0
1,36.35631305228077,1,1,5.0,0,0,0
2,20.420433065538553,0,2,25.026226249507854,1,1,0
3,25.808907548178855,0,0,52.198618691781135,1,0,0
2,24.07492100206425,0,0,15.48573141744998,1,2,0
3,33.223107346359086,1,2,24.389332350249585,0,0,0
2,43.30444296699489,1,0,56.537810037245855,0,1,0
1,46.912169282226955,0,2,19.973577241239035,0,0,0
3,13.975867695478783,1,0,31.047604116679253,1,1,0
2,26.63189907759871,1,1,61.365921367541716,0,0,0
3,23.11559995273705,0,0,10.841403772519104,1,1,0
2,29.154014663290905,1,2,39.14453418067583,1,0,0
1,30.943622283793086,0,0,5.0,0,0,0
1,27.79219996376785,0,0,5.0,0,2,0
3,41.289254255858594,1,0,5.27947563204955,0,1,0
3,23.577177461273184,0,0,11.932921848889547,1,0,0
3,35.65762028563195,1,0,14.791067851443257,0,0,0
3,48.73813436072223,0,0,6.553850229226327,0,0,0
1,46.70402743613519,0,0,17.507644602683097,0,0,0
3,23.727323753771525,0,0,57.42745964601419,1,0,0
1,47.44061372541241,0,0,6.978432872492393,0,0,0
3,60.88031763899832,0,1,54.487789227683706,1,2,0
3,29.23033984088409,0,0,5.0,0,1,0
3,11.083294116189009,1,0,28.38943556910595,0,0,0
1,41.95520183336568,0,0,29.813030191125943,0,0,0
3,48.04077962120581,3,0,10.544550768807909,0,0,0
3,28.839442657555292,0,0,5.0,1,0,0
1,35.37250272020778,2,1,39.6152106649448,1,1,1
2,18.12446236115595,1,0,22.646885444413936,0,0,0
3,47.281406585393675,0,2,68.59735649386299,0,0,0
3,11.811070620033217,2,0,9.89889351633747,0,0,0
1,24.87742716063096,0,0,37.66852810754364,0,0,0
3,23.975349307768667,1,2,64.77711933505304,1,0,0
1,15.748818971645846,3,0,5.0952469909380484,0,0,0
1,37.622061620183636,0,0,13.508844146189471,1,0,1
3,44.03154708534807,2,0,9.749669219898168,0,0,0
2,40.00706585458685,0,1,5.0,0,0,0
3,55.98002813881301,1,0,30.73010619283934,0,0,0
3,28.665287263815596,0,0,35.364195084600574,0,0,0
3,43.2981938008502,0,0,33.35942161646814,0,0,0
2,44.228449855955965,0,0,5.0,0,0,0
3,49.60117838761315,0,0,5.6237523231326465,0,0,0
2,51.55053207714626,0,0,14.329053352340033,0,0,0
2,18.210151277540284,0,0,25.458673598045657,0,0,0
1,41.019799272027754,0,2,12.212044823818125,0,0,0
3,30.338173888429537,1,0,10.416738808670937,1,0,1
1,19.264712373365953,0,0,62.16129491212073,1,0,1
2,27.756344364174648,0,0,30.130028312710575,0,0,0
3,29.031401038697012,0,0,11.800665613199605,0,0,0
2,41.90450819443827,2,0,12.509066419565999,1,0,0
3,33.856286585403275,2,0,5.0,0,0,0
1,41.228140717769534,1,0,63.852149046943495,0,1,0
2,38.79168092658695,0,0,25.532103033811953,1,0,0
3,32.158729813841745,2,0,20.34984858568882,0,0,0
2,18.800784491121647,2,0,33.48868200766408,0,0,0
3,13.448169263825672,0,0,79.41347257885438,0,2,0
1,50.02825830347271,0,0,5.494510164691754,1,0,1
3,3.6143285205590168,0,0,15.889933403133178,0,0,0
1,40.20266090536192,0,1,16.78251418208223,0,0,0
2,32.132412011199044,1,0,20.17825425943596,1,0,0
3,27.99458303619775,0,0,5.0,0,0,0
3,24.7232273007099,0,1,9.165091672994715,0,0,0
3,34.721824625061,0,1,19.465320502253373,1,0,0
3,37.76635127643289,1,0,24.779026111056705,0,0,0
3,32.609194478156674,3,0,5.0,0,0,0
2,38.508045091062144,1,0,25.083189720672024,0,0,0
3,20.9589855558458,0,0,99.29681354954933,0,1,0
3,48.786288350812086,1,0,42.446755743652425,0,0,0
3,28.17036196343347,0,0,18.783555406417403,0,0,0
2,18.921201046669147,0,0,18.398567399685106,0,0,0
1,41.48042780153501,2,0,5.0,0,0,0
1,29.31665251534719,1,2,10.67383310976386,0,0,0
1,27.033871409752837,0,2,16.928578449392546,1,2,1
3,51.057530183812375,0,1,18.99585546509904,1,2,0
1,48.00911748761173,0,0,33.94380401946257,0,0,0
2,27.10516730572404,0,1,20.366654689275805,0,0,0
3,29.583781351358624,0,0,27.257913901227198,0,0,0
2,42.363401448382106,1,0,16.932156752930506,0,0,0
3,14.645076399171582,2,0,29.3448632325571,0,0,0
3,20.35590518436323,0,1,57.02872576807991,1,0,0
3,25.97058360851846,2,1,85.26047234854644,0,0,0
2,30.679799098765287,1,1,27.002290650301912,0,0,0
1,43.91195764037098,0,1,29.235916633726895,0,0,0
2,30.221207196784718,0,0,7.090927058245246,0,0,0
3,39.84578617436837,1,0,88.21543455544526,0,0,0
3,21.94051958474338,0,0,5.0,1,0,0
2,13.821774934731444,0,2,8.890104952687027,0,0,0
